"text","label"
"Verification fee of Rs 2695 required before interview","1"
"Pay Rs 2930 to activate your internship account","1"
"Security deposit of Rs 2103 needed to confirm internship","1"
"Registration fee of Rs 4465 required urgently","1"
"Pay Rs 1320 to activate your internship account","1"
"Pay Rs 4536 to activate your internship account","1"
"Limited slots. Pay Rs 3585 immediately to secure position","1"
"Submit a training deposit of Rs 4437 before joining","1"
"Verification fee of Rs 1977 required before interview","1"
"Registration fee of Rs 4276 required urgently","1"
"Registration fee of Rs 3649 required urgently","1"
"Pay a refundable onboarding fee of Rs 3616 to proceed","1"
"Verification fee of Rs 4624 required before interview","1"
"Verification fee of Rs 2498 required before interview","1"
"Submit a training deposit of Rs 4639 before joining","1"
"Verification fee of Rs 1780 required before interview","1"
"Pay a refundable onboarding fee of Rs 3868 to proceed","1"
"Pay a refundable onboarding fee of Rs 2114 to proceed","1"
"Registration fee of Rs 2839 required urgently","1"
"Training fee of Rs 3056 will be refunded after completion","1"
"Pay Rs 3142 to activate your internship account","1"
"Submit a training deposit of Rs 1696 before joining","1"
"Security deposit of Rs 576 needed to confirm internship","1"
"Limited slots. Pay Rs 4213 immediately to secure position","1"
"Pay Rs 3397 to activate your internship account","1"
"Processing fee of Rs 2112 required for HR verification","1"
"Submit a training deposit of Rs 504 before joining","1"
"Pay a refundable onboarding fee of Rs 1719 to proceed","1"
"Limited slots. Pay Rs 4277 immediately to secure position","1"
"Verification fee of Rs 3139 required before interview","1"
"Pay a refundable onboarding fee of Rs 4500 to proceed","1"
"Pay Rs 3924 to activate your internship account","1"
"Processing fee of Rs 4078 required for HR verification","1"
"Submit a training deposit of Rs 4232 before joining","1"
"Verification fee of Rs 4356 required before interview","1"
"Submit a training deposit of Rs 3052 before joining","1"
"Processing fee of Rs 1999 required for HR verification","1"
"Small refundable onboarding charge of Rs 2177 applies","1"
"Submit a training deposit of Rs 1777 before joining","1"
"Security deposit of Rs 2868 needed to confirm internship","1"
"Pay a refundable onboarding fee of Rs 2011 to proceed","1"
"Registration fee of Rs 3598 required urgently","1"
"Processing fee of Rs 880 required for HR verification","1"
"Small refundable onboarding charge of Rs 3592 applies","1"
"Limited slots. Pay Rs 2759 immediately to secure position","1"
"Training fee of Rs 3079 will be refunded after completion","1"
"Small refundable onboarding charge of Rs 3569 applies","1"
"Small refundable onboarding charge of Rs 2559 applies","1"
"Verification fee of Rs 4364 required before interview","1"
"Training fee of Rs 4233 will be refunded after completion","1"
"Training fee of Rs 4769 will be refunded after completion","1"
"Training fee of Rs 2260 will be refunded after completion","1"
"Training fee of Rs 3737 will be refunded after completion","1"
"Limited slots. Pay Rs 1961 immediately to secure position","1"
"Submit a training deposit of Rs 2354 before joining","1"
"Pay Rs 4103 to activate your internship account","1"
"Pay Rs 2488 to activate your internship account","1"
"Training fee of Rs 4914 will be refunded after completion","1"
"Submit a training deposit of Rs 1377 before joining","1"
"Submit a training deposit of Rs 528 before joining","1"
"Submit a training deposit of Rs 660 before joining","1"
"Verification fee of Rs 2972 required before interview","1"
"Verification fee of Rs 1045 required before interview","1"
"Limited slots. Pay Rs 4102 immediately to secure position","1"
"Pay Rs 3609 to activate your internship account","1"
"Pay Rs 1034 to activate your internship account","1"
"Limited slots. Pay Rs 1631 immediately to secure position","1"
"Registration fee of Rs 3083 required urgently","1"
"Registration fee of Rs 2798 required urgently","1"
"Registration fee of Rs 4959 required urgently","1"
"Limited slots. Pay Rs 2118 immediately to secure position","1"
"Pay Rs 3378 to activate your internship account","1"
"Limited slots. Pay Rs 867 immediately to secure position","1"
"Pay Rs 3962 to activate your internship account","1"
"Security deposit of Rs 2284 needed to confirm internship","1"
"Security deposit of Rs 3739 needed to confirm internship","1"
"Security deposit of Rs 2311 needed to confirm internship","1"
"Pay Rs 1115 to activate your internship account","1"
"Small refundable onboarding charge of Rs 4851 applies","1"
"Pay Rs 844 to activate your internship account","1"
"Verification fee of Rs 1428 required before interview","1"
"Verification fee of Rs 4636 required before interview","1"
"Submit a training deposit of Rs 2927 before joining","1"
"Training fee of Rs 693 will be refunded after completion","1"
"Submit a training deposit of Rs 4374 before joining","1"
"Submit a training deposit of Rs 681 before joining","1"
"Submit a training deposit of Rs 4460 before joining","1"
"Registration fee of Rs 4836 required urgently","1"
"Security deposit of Rs 2689 needed to confirm internship","1"
"Small refundable onboarding charge of Rs 3770 applies","1"
"Small refundable onboarding charge of Rs 2772 applies","1"
"Training fee of Rs 1211 will be refunded after completion","1"
"Security deposit of Rs 1691 needed to confirm internship","1"
"Registration fee of Rs 2402 required urgently","1"
"Pay Rs 4729 to activate your internship account","1"
"Small refundable onboarding charge of Rs 2027 applies","1"
"Registration fee of Rs 4403 required urgently","1"
"Registration fee of Rs 2319 required urgently","1"
"Limited slots. Pay Rs 2999 immediately to secure position","1"
"Security deposit of Rs 4967 needed to confirm internship","1"
"Training fee of Rs 2874 will be refunded after completion","1"
"Registration fee of Rs 1091 required urgently","1"
"Processing fee of Rs 3401 required for HR verification","1"
"Training fee of Rs 1385 will be refunded after completion","1"
"Security deposit of Rs 2335 needed to confirm internship","1"
"Pay Rs 3010 to activate your internship account","1"
"Training fee of Rs 1424 will be refunded after completion","1"
"Registration fee of Rs 1480 required urgently","1"
"Pay a refundable onboarding fee of Rs 2009 to proceed","1"
"Processing fee of Rs 2353 required for HR verification","1"
"Pay Rs 4040 to activate your internship account","1"
"Pay Rs 3006 to activate your internship account","1"
"Training fee of Rs 2423 will be refunded after completion","1"
"Limited slots. Pay Rs 1156 immediately to secure position","1"
"Verification fee of Rs 2483 required before interview","1"
"Pay a refundable onboarding fee of Rs 2516 to proceed","1"
"Registration fee of Rs 4044 required urgently","1"
"Verification fee of Rs 572 required before interview","1"
"Pay Rs 1373 to activate your internship account","1"
"Verification fee of Rs 1153 required before interview","1"
"Pay Rs 1591 to activate your internship account","1"
"Registration fee of Rs 4737 required urgently","1"
"Submit a training deposit of Rs 4735 before joining","1"
"Security deposit of Rs 930 needed to confirm internship","1"
"Training fee of Rs 2678 will be refunded after completion","1"
"Security deposit of Rs 912 needed to confirm internship","1"
"Pay Rs 3790 to activate your internship account","1"
"Verification fee of Rs 2089 required before interview","1"
"Pay a refundable onboarding fee of Rs 792 to proceed","1"
"Submit a training deposit of Rs 2949 before joining","1"
"Processing fee of Rs 1046 required for HR verification","1"
"Registration fee of Rs 1506 required urgently","1"
"Security deposit of Rs 523 needed to confirm internship","1"
"Verification fee of Rs 1469 required before interview","1"
"Registration fee of Rs 4518 required urgently","1"
"Registration fee of Rs 501 required urgently","1"
"Pay a refundable onboarding fee of Rs 4731 to proceed","1"
"Processing fee of Rs 1975 required for HR verification","1"
"Security deposit of Rs 1908 needed to confirm internship","1"
"Registration fee of Rs 1618 required urgently","1"
"Security deposit of Rs 3640 needed to confirm internship","1"
"Pay a refundable onboarding fee of Rs 1883 to proceed","1"
"Pay Rs 2489 to activate your internship account","1"
"Submit a training deposit of Rs 3260 before joining","1"
"Training fee of Rs 2851 will be refunded after completion","1"
"Limited slots. Pay Rs 3384 immediately to secure position","1"
"Limited slots. Pay Rs 4950 immediately to secure position","1"
"Security deposit of Rs 3284 needed to confirm internship","1"
"Processing fee of Rs 3627 required for HR verification","1"
"Limited slots. Pay Rs 1235 immediately to secure position","1"
"Verification fee of Rs 3165 required before interview","1"
"Submit a training deposit of Rs 4868 before joining","1"
"Limited slots. Pay Rs 881 immediately to secure position","1"
"Limited slots. Pay Rs 1754 immediately to secure position","1"
"Pay a refundable onboarding fee of Rs 3961 to proceed","1"
"Registration fee of Rs 3099 required urgently","1"
"Limited slots. Pay Rs 899 immediately to secure position","1"
"Processing fee of Rs 2181 required for HR verification","1"
"Pay a refundable onboarding fee of Rs 4908 to proceed","1"
"Training fee of Rs 3723 will be refunded after completion","1"
"Limited slots. Pay Rs 535 immediately to secure position","1"
"Limited slots. Pay Rs 4304 immediately to secure position","1"
"Pay Rs 4369 to activate your internship account","1"
"Training fee of Rs 847 will be refunded after completion","1"
"Limited slots. Pay Rs 4666 immediately to secure position","1"
"Security deposit of Rs 4895 needed to confirm internship","1"
"Verification fee of Rs 3983 required before interview","1"
"Processing fee of Rs 4735 required for HR verification","1"
"Limited slots. Pay Rs 1389 immediately to secure position","1"
"Verification fee of Rs 3481 required before interview","1"
"Limited slots. Pay Rs 2176 immediately to secure position","1"
"Processing fee of Rs 746 required for HR verification","1"
"Submit a training deposit of Rs 3652 before joining","1"
"Submit a training deposit of Rs 1292 before joining","1"
"Small refundable onboarding charge of Rs 3256 applies","1"
"Training fee of Rs 1335 will be refunded after completion","1"
"Registration fee of Rs 2565 required urgently","1"
"Submit a training deposit of Rs 2554 before joining","1"
"Limited slots. Pay Rs 1093 immediately to secure position","1"
"Limited slots. Pay Rs 1569 immediately to secure position","1"
"Processing fee of Rs 884 required for HR verification","1"
"Processing fee of Rs 1101 required for HR verification","1"
"Registration fee of Rs 2761 required urgently","1"
"Security deposit of Rs 3499 needed to confirm internship","1"
"Pay a refundable onboarding fee of Rs 3175 to proceed","1"
"Small refundable onboarding charge of Rs 4897 applies","1"
"Verification fee of Rs 4621 required before interview","1"
"Registration fee of Rs 1521 required urgently","1"
"Verification fee of Rs 1377 required before interview","1"
"Small refundable onboarding charge of Rs 2097 applies","1"
"Submit a training deposit of Rs 1182 before joining","1"
"Pay a refundable onboarding fee of Rs 3582 to proceed","1"
"Training fee of Rs 1780 will be refunded after completion","1"
"Pay Rs 829 to activate your internship account","1"
"Pay a refundable onboarding fee of Rs 533 to proceed","1"
"Submit a training deposit of Rs 2561 before joining","1"
"Security deposit of Rs 2480 needed to confirm internship","1"
"Training fee of Rs 821 will be refunded after completion","1"
"Registration fee of Rs 3048 required urgently","1"
"Small refundable onboarding charge of Rs 2494 applies","1"
"Training fee of Rs 4692 will be refunded after completion","1"
"Pay Rs 3142 to activate your internship account","1"
"Pay a refundable onboarding fee of Rs 866 to proceed","1"
"Processing fee of Rs 2869 required for HR verification","1"
"Pay a refundable onboarding fee of Rs 706 to proceed","1"
"Pay Rs 1725 to activate your internship account","1"
"Submit a training deposit of Rs 3073 before joining","1"
"Security deposit of Rs 3394 needed to confirm internship","1"
"Registration fee of Rs 3316 required urgently","1"
"Pay Rs 2232 to activate your internship account","1"
"Processing fee of Rs 916 required for HR verification","1"
"Limited slots. Pay Rs 3574 immediately to secure position","1"
"Pay a refundable onboarding fee of Rs 4729 to proceed","1"
"Pay a refundable onboarding fee of Rs 4400 to proceed","1"
"Limited slots. Pay Rs 669 immediately to secure position","1"
"Pay Rs 938 to activate your internship account","1"
"Registration fee of Rs 3877 required urgently","1"
"Security deposit of Rs 2449 needed to confirm internship","1"
"Verification fee of Rs 1859 required before interview","1"
"Training fee of Rs 4496 will be refunded after completion","1"
"Limited slots. Pay Rs 1849 immediately to secure position","1"
"Processing fee of Rs 3753 required for HR verification","1"
"Limited slots. Pay Rs 4448 immediately to secure position","1"
"Pay a refundable onboarding fee of Rs 2143 to proceed","1"
"Pay Rs 1641 to activate your internship account","1"
"Limited slots. Pay Rs 2921 immediately to secure position","1"
"Pay a refundable onboarding fee of Rs 2175 to proceed","1"
"Registration fee of Rs 2160 required urgently","1"
"Verification fee of Rs 2408 required before interview","1"
"Processing fee of Rs 2952 required for HR verification","1"
"Training fee of Rs 1696 will be refunded after completion","1"
"Submit a training deposit of Rs 1868 before joining","1"
"Registration fee of Rs 4283 required urgently","1"
"Small refundable onboarding charge of Rs 4820 applies","1"
"Pay Rs 2520 to activate your internship account","1"
"Pay Rs 1948 to activate your internship account","1"
"Verification fee of Rs 935 required before interview","1"
"Small refundable onboarding charge of Rs 752 applies","1"
"Pay a refundable onboarding fee of Rs 779 to proceed","1"
"Registration fee of Rs 3137 required urgently","1"
"Small refundable onboarding charge of Rs 896 applies","1"
"Verification fee of Rs 4678 required before interview","1"
"Training fee of Rs 1815 will be refunded after completion","1"
"Processing fee of Rs 680 required for HR verification","1"
"Registration fee of Rs 3011 required urgently","1"
"Small refundable onboarding charge of Rs 4014 applies","1"
"Limited slots. Pay Rs 501 immediately to secure position","1"
"Training fee of Rs 4035 will be refunded after completion","1"
"Processing fee of Rs 4915 required for HR verification","1"
"Training fee of Rs 4263 will be refunded after completion","1"
"Pay a refundable onboarding fee of Rs 2550 to proceed","1"
"Small refundable onboarding charge of Rs 4716 applies","1"
"Registration fee of Rs 534 required urgently","1"
"Small refundable onboarding charge of Rs 4372 applies","1"
"Verification fee of Rs 1512 required before interview","1"
"Small refundable onboarding charge of Rs 2782 applies","1"
"Submit a training deposit of Rs 3340 before joining","1"
"Security deposit of Rs 790 needed to confirm internship","1"
"Verification fee of Rs 816 required before interview","1"
"Registration fee of Rs 1298 required urgently","1"
"Security deposit of Rs 4019 needed to confirm internship","1"
"Limited slots. Pay Rs 4685 immediately to secure position","1"
"Processing fee of Rs 4233 required for HR verification","1"
"Submit a training deposit of Rs 4938 before joining","1"
"Registration fee of Rs 2703 required urgently","1"
"Verification fee of Rs 598 required before interview","1"
"Training fee of Rs 3599 will be refunded after completion","1"
"Security deposit of Rs 3645 needed to confirm internship","1"
"Submit a training deposit of Rs 1396 before joining","1"
"Submit a training deposit of Rs 3316 before joining","1"
"Submit a training deposit of Rs 4459 before joining","1"
"Verification fee of Rs 4117 required before interview","1"
"Small refundable onboarding charge of Rs 2380 applies","1"
"Security deposit of Rs 872 needed to confirm internship","1"
"Pay a refundable onboarding fee of Rs 4779 to proceed","1"
"Small refundable onboarding charge of Rs 2002 applies","1"
"Security deposit of Rs 2799 needed to confirm internship","1"
"Training fee of Rs 807 will be refunded after completion","1"
"Verification fee of Rs 1473 required before interview","1"
"Submit a training deposit of Rs 4696 before joining","1"
"Pay Rs 3326 to activate your internship account","1"
"Processing fee of Rs 5000 required for HR verification","1"
"Security deposit of Rs 1656 needed to confirm internship","1"
"Submit a training deposit of Rs 4779 before joining","1"
"Pay a refundable onboarding fee of Rs 4246 to proceed","1"
"Submit a training deposit of Rs 2047 before joining","1"
"Processing fee of Rs 2224 required for HR verification","1"
"Verification fee of Rs 1289 required before interview","1"
"Processing fee of Rs 2677 required for HR verification","1"
"Security deposit of Rs 1606 needed to confirm internship","1"
"Pay a refundable onboarding fee of Rs 4907 to proceed","1"
"Verification fee of Rs 1496 required before interview","1"
"Security deposit of Rs 2744 needed to confirm internship","1"
"Limited slots. Pay Rs 4487 immediately to secure position","1"
"Small refundable onboarding charge of Rs 4722 applies","1"
"Pay Rs 1334 to activate your internship account","1"
"Verification fee of Rs 4645 required before interview","1"
"Submit a training deposit of Rs 4197 before joining","1"
"Security deposit of Rs 681 needed to confirm internship","1"
"Submit a training deposit of Rs 3212 before joining","1"
"Selection is based on interviews and assessments","0"
"Interview details are shared via official email","0"
"Please attend the interview via official link","0"
"Kindly visit our official website for more details","0"
"Offer letter will be given after interview rounds","0"
"Interview details are shared via official email","0"
"Selection is based on interviews and assessments","0"
"You are invited for an interview process next week","0"
"This is a paid internship with no registration fee","0"
"No payment is required at any stage of recruitment","0"
"No payment is required at any stage of recruitment","0"
"We do not charge any fees from candidates","0"
"Kindly visit our official website for more details","0"
"We do not charge any fees from candidates","0"
"Interview details are shared via official email","0"
"Shortlisted candidates will undergo multiple interview rounds","0"
"Kindly visit our official website for more details","0"
"You are invited for an interview process next week","0"
"We do not charge any fees from candidates","0"
"You are invited for an interview process next week","0"
"Interview details are shared via official email","0"
"We do not charge any fees from candidates","0"
"No payment is required at any stage of recruitment","0"
"Kindly visit our official website for more details","0"
"This is a paid internship with no registration fee","0"
"We do not charge any fees from candidates","0"
"Shortlisted candidates will undergo multiple interview rounds","0"
"Shortlisted candidates will undergo multiple interview rounds","0"
"Please attend the interview via official link","0"
"This is a paid internship with no registration fee","0"
"Shortlisted candidates will undergo multiple interview rounds","0"
"This is a paid internship with no registration fee","0"
"Interview details are shared via official email","0"
"No payment is required at any stage of recruitment","0"
"We do not charge any fees from candidates","0"
"Shortlisted candidates will undergo multiple interview rounds","0"
"This is a paid internship with no registration fee","0"
"Offer letter will be given after interview rounds","0"
"Kindly visit our official website for more details","0"
"Selection is based on interviews and assessments","0"
"Shortlisted candidates will undergo multiple interview rounds","0"
"You are invited for an interview process next week","0"
"Offer letter will be given after interview rounds","0"
"Please attend the interview via official link","0"
"No payment is required at any stage of recruitment","0"
"Selection is based on interviews and assessments","0"
"This is a paid internship with no registration fee","0"
"You are invited for an interview process next week","0"
"Interview details are shared via official email","0"
"We do not charge any fees from candidates","0"
"Selection is based on interviews and assessments","0"
"This is a paid internship with no registration fee","0"
"Selection is based on interviews and assessments","0"
"This is a paid internship with no registration fee","0"
"We do not charge any fees from candidates","0"
"Kindly visit our official website for more details","0"
"We do not charge any fees from candidates","0"
"You are invited for an interview process next week","0"
"We do not charge any fees from candidates","0"
"Please attend the interview via official link","0"
"Offer letter will be given after interview rounds","0"
"Shortlisted candidates will undergo multiple interview rounds","0"
"Please attend the interview via official link","0"
"You are invited for an interview process next week","0"
"Selection is based on interviews and assessments","0"
"Offer letter will be given after interview rounds","0"
"Offer letter will be given after interview rounds","0"
"Selection is based on interviews and assessments","0"
"Kindly visit our official website for more details","0"
"Kindly visit our official website for more details","0"
"Shortlisted candidates will undergo multiple interview rounds","0"
"No payment is required at any stage of recruitment","0"
"Selection is based on interviews and assessments","0"
"Interview details are shared via official email","0"
"Interview details are shared via official email","0"
"Selection is based on interviews and assessments","0"
"Shortlisted candidates will undergo multiple interview rounds","0"
"We do not charge any fees from candidates","0"
"Offer letter will be given after interview rounds","0"
"Please attend the interview via official link","0"
"No payment is required at any stage of recruitment","0"
"No payment is required at any stage of recruitment","0"
"You are invited for an interview process next week","0"
"Please attend the interview via official link","0"
"No payment is required at any stage of recruitment","0"
"No payment is required at any stage of recruitment","0"
"This is a paid internship with no registration fee","0"
"This is a paid internship with no registration fee","0"
"Selection is based on interviews and assessments","0"
"Selection is based on interviews and assessments","0"
"Kindly visit our official website for more details","0"
"Shortlisted candidates will undergo multiple interview rounds","0"
"Offer letter will be given after interview rounds","0"
"Selection is based on interviews and assessments","0"
"You are invited for an interview process next week","0"
"Shortlisted candidates will undergo multiple interview rounds","0"
"Shortlisted candidates will undergo multiple interview rounds","0"
"Kindly visit our official website for more details","0"
"Interview details are shared via official email","0"
"We do not charge any fees from candidates","0"
"You are invited for an interview process next week","0"
"Selection is based on interviews and assessments","0"
"Selection is based on interviews and assessments","0"
"You are invited for an interview process next week","0"
"Selection is based on interviews and assessments","0"
"Kindly visit our official website for more details","0"
"Kindly visit our official website for more details","0"
"Offer letter will be given after interview rounds","0"
"Shortlisted candidates will undergo multiple interview rounds","0"
"Kindly visit our official website for more details","0"
"Please attend the interview via official link","0"
"Please attend the interview via official link","0"
"Please attend the interview via official link","0"
"Shortlisted candidates will undergo multiple interview rounds","0"
"We do not charge any fees from candidates","0"
"Shortlisted candidates will undergo multiple interview rounds","0"
"Kindly visit our official website for more details","0"
"No payment is required at any stage of recruitment","0"
"Kindly visit our official website for more details","0"
"Selection is based on interviews and assessments","0"
"Interview details are shared via official email","0"
"Please attend the interview via official link","0"
"Kindly visit our official website for more details","0"
"You are invited for an interview process next week","0"
"Please attend the interview via official link","0"
"Kindly visit our official website for more details","0"
"You are invited for an interview process next week","0"
"Offer letter will be given after interview rounds","0"
"Please attend the interview via official link","0"
"Interview details are shared via official email","0"
"No payment is required at any stage of recruitment","0"
"Offer letter will be given after interview rounds","0"
"Interview details are shared via official email","0"
"Selection is based on interviews and assessments","0"
"You are invited for an interview process next week","0"
"Shortlisted candidates will undergo multiple interview rounds","0"
"Offer letter will be given after interview rounds","0"
"Interview details are shared via official email","0"
"Kindly visit our official website for more details","0"
"Kindly visit our official website for more details","0"
"Selection is based on interviews and assessments","0"
"We do not charge any fees from candidates","0"
"This is a paid internship with no registration fee","0"
"Kindly visit our official website for more details","0"
"Selection is based on interviews and assessments","0"
"No payment is required at any stage of recruitment","0"
"Kindly visit our official website for more details","0"
"This is a paid internship with no registration fee","0"
"Interview details are shared via official email","0"
"No payment is required at any stage of recruitment","0"
"Selection is based on interviews and assessments","0"
"This is a paid internship with no registration fee","0"
"Selection is based on interviews and assessments","0"
"Interview details are shared via official email","0"
"Offer letter will be given after interview rounds","0"
"Shortlisted candidates will undergo multiple interview rounds","0"
"You are invited for an interview process next week","0"
"You are invited for an interview process next week","0"
"This is a paid internship with no registration fee","0"
"Kindly visit our official website for more details","0"
"Please attend the interview via official link","0"
"We do not charge any fees from candidates","0"
"This is a paid internship with no registration fee","0"
"This is a paid internship with no registration fee","0"
"No payment is required at any stage of recruitment","0"
"You are invited for an interview process next week","0"
"Kindly visit our official website for more details","0"
"Kindly visit our official website for more details","0"
"Selection is based on interviews and assessments","0"
"This is a paid internship with no registration fee","0"
"Interview details are shared via official email","0"
"We do not charge any fees from candidates","0"
"This is a paid internship with no registration fee","0"
"Interview details are shared via official email","0"
"Selection is based on interviews and assessments","0"
"We do not charge any fees from candidates","0"
"Offer letter will be given after interview rounds","0"
"You are invited for an interview process next week","0"
"Please attend the interview via official link","0"
"This is a paid internship with no registration fee","0"
"Please attend the interview via official link","0"
"Interview details are shared via official email","0"
"Selection is based on interviews and assessments","0"
"Interview details are shared via official email","0"
"Interview details are shared via official email","0"
"This is a paid internship with no registration fee","0"
"Kindly visit our official website for more details","0"
"Kindly visit our official website for more details","0"
"Kindly visit our official website for more details","0"
"Kindly visit our official website for more details","0"
"You are invited for an interview process next week","0"
"This is a paid internship with no registration fee","0"
"Offer letter will be given after interview rounds","0"
"Selection is based on interviews and assessments","0"
"Selection is based on interviews and assessments","0"
"We do not charge any fees from candidates","0"
"This is a paid internship with no registration fee","0"
"Selection is based on interviews and assessments","0"
"Please attend the interview via official link","0"
"No payment is required at any stage of recruitment","0"
"Selection is based on interviews and assessments","0"
"This is a paid internship with no registration fee","0"
"No payment is required at any stage of recruitment","0"
"Please attend the interview via official link","0"
"Offer letter will be given after interview rounds","0"
"This is a paid internship with no registration fee","0"
"Please attend the interview via official link","0"
"Offer letter will be given after interview rounds","0"
"Interview details are shared via official email","0"
"Please attend the interview via official link","0"
"We do not charge any fees from candidates","0"
"Shortlisted candidates will undergo multiple interview rounds","0"
"Interview details are shared via official email","0"
"Offer letter will be given after interview rounds","0"
"Interview details are shared via official email","0"
"Shortlisted candidates will undergo multiple interview rounds","0"
"Selection is based on interviews and assessments","0"
"We do not charge any fees from candidates","0"
"Interview details are shared via official email","0"
"Interview details are shared via official email","0"
"No payment is required at any stage of recruitment","0"
"Interview details are shared via official email","0"
"Shortlisted candidates will undergo multiple interview rounds","0"
"We do not charge any fees from candidates","0"
"No payment is required at any stage of recruitment","0"
"Please attend the interview via official link","0"
"Interview details are shared via official email","0"
"You are invited for an interview process next week","0"
"Offer letter will be given after interview rounds","0"
"Kindly visit our official website for more details","0"
"We do not charge any fees from candidates","0"
"This is a paid internship with no registration fee","0"
"No payment is required at any stage of recruitment","0"
"You are invited for an interview process next week","0"
"Kindly visit our official website for more details","0"
"Kindly visit our official website for more details","0"
"You are invited for an interview process next week","0"
"Please attend the interview via official link","0"
"We do not charge any fees from candidates","0"
"Offer letter will be given after interview rounds","0"
"We do not charge any fees from candidates","0"
"Selection is based on interviews and assessments","0"
"Shortlisted candidates will undergo multiple interview rounds","0"
"No payment is required at any stage of recruitment","0"
"Shortlisted candidates will undergo multiple interview rounds","0"
"This is a paid internship with no registration fee","0"
"You are invited for an interview process next week","0"
"Offer letter will be given after interview rounds","0"
"We do not charge any fees from candidates","0"
"You are invited for an interview process next week","0"
"You are invited for an interview process next week","0"
"Shortlisted candidates will undergo multiple interview rounds","0"
"Offer letter will be given after interview rounds","0"
"Kindly visit our official website for more details","0"
"This is a paid internship with no registration fee","0"
"You are invited for an interview process next week","0"
"Interview details are shared via official email","0"
"Please attend the interview via official link","0"
"Please attend the interview via official link","0"
"Interview details are shared via official email","0"
"Kindly visit our official website for more details","0"
"This is a paid internship with no registration fee","0"
"This is a paid internship with no registration fee","0"
"We do not charge any fees from candidates","0"
"Selection is based on interviews and assessments","0"
"Interview details are shared via official email","0"
"You are invited for an interview process next week","0"
"Interview details are shared via official email","0"
"We do not charge any fees from candidates","0"
"This is a paid internship with no registration fee","0"
"Shortlisted candidates will undergo multiple interview rounds","0"
"Interview details are shared via official email","0"
"Offer letter will be given after interview rounds","0"
"You are invited for an interview process next week","0"
"Kindly visit our official website for more details","0"
"You are invited for an interview process next week","0"
"Selection is based on interviews and assessments","0"
"Selection is based on interviews and assessments","0"
"No payment is required at any stage of recruitment","0"
"No payment is required at any stage of recruitment","0"
"Shortlisted candidates will undergo multiple interview rounds","0"
"Shortlisted candidates will undergo multiple interview rounds","0"
"Please attend the interview via official link","0"
"We do not charge any fees from candidates","0"
"Selection is based on interviews and assessments","0"
"Selection is based on interviews and assessments","0"
"Offer letter will be given after interview rounds","0"
"Kindly visit our official website for more details","0"
"Kindly visit our official website for more details","0"
"No payment is required at any stage of recruitment","0"
"No payment is required at any stage of recruitment","0"
"Offer letter will be given after interview rounds","0"
"Offer letter will be given after interview rounds","0"
"No payment is required at any stage of recruitment","0"
"Please attend the interview via official link","0"
"This is a paid internship with no registration fee","0"
"Kindly visit our official website for more details","0"
"Offer letter will be given after interview rounds","0"
"No payment is required at any stage of recruitment","0"
"Selection is based on interviews and assessments","0"
We require a small refundable onboarding charge of ₹500 after document verification,1
Selected candidates must pay a training deposit which will be refunded after completion,1
There is a processing fee for HR documentation which is standard across all candidates,1
You are shortlisted. Kindly submit ₹750 for verification to proceed further,1
A small security deposit is required to activate your internship ID,1
We charge a nominal fee for background verification,1
Pay ₹499 to confirm your internship slot immediately,1
Offer letter will be released after completing payment formalities,1
You have been selected. Kindly complete payment within 24 hours to secure your position,1
Training kit will be dispatched after payment confirmation,1
We do not charge fees, however a refundable compliance deposit is required,1
Candidates must complete payment for onboarding documentation,1
You will receive stipend after training fee clearance,1
Final selection depends on successful payment verification,1
Urgent: complete your payment to avoid cancellation,1
Limited slots remaining. Pay now to confirm your internship,1
You are selected without interview. Pay ₹999 to start immediately,1
No interview required. Direct joining after payment,1
Processing fee is mandatory for all shortlisted candidates,1
Kindly transfer the fee via UPI for faster processing,1
We require payment to generate your internship ID card,1
Your application is approved. Submit ₹500 to continue,1
Refundable fee will be returned after 3 months of internship,1
Selected candidates must complete onboarding payment today,1
Immediate joining available after payment confirmation,1
We guarantee placement after successful fee submission,1
Your internship is confirmed pending payment verification,1
You have cleared all rounds. Final step is payment submission,1
This is a paid internship registration process,1
Kindly pay to access training portal credentials,1

Candidates selected for internship will undergo 2 interview rounds,0
No fee is required at any stage of the hiring process,0
We do not charge any amount for internships or job applications,0
Shortlisted candidates will be contacted for interview scheduling,0
The internship includes a structured training and evaluation process,0
Please visit our official website for complete details,0
Selection will be based on interview performance and assessment,0
You will receive a formal offer letter after selection,0
There are no hidden charges associated with this internship,0
Candidates will be evaluated through technical and HR interviews,0
We encourage applicants to apply through official channels only,0
Internship duration is 3 months with performance-based stipend,0
Applicants are required to submit their resume for screening,0
Selected candidates will receive onboarding instructions via email,0
No payment is required for participation in the hiring process,0
All communication will happen through official company email IDs,0
Interns will be assigned mentors during the internship period,0
Shortlisted candidates will be invited for virtual interviews,0
The recruitment process is completely free of cost,0
We follow a transparent hiring process with no charges,0
Candidates must complete assignments as part of evaluation,0
Interview results will be shared within 5 working days,0
You may be required to attend an online assessment test,0
Internship confirmation depends on interview performance,0
We do not ask for sensitive financial information,0
Applicants will receive updates through official communication channels,0
There is no registration fee for this internship program,0
We do not request payment for onboarding or documentation,0
Interns will receive certificates upon successful completion,0
All hiring decisions are merit-based,0
