text,label
Verification fee of Rs 2695 required before interview,1
Pay Rs 2930 to activate your internship account,1
Security deposit of Rs 2103 needed to confirm internship,1
Registration fee of Rs 4465 required urgently,1
Pay Rs 1320 to activate your internship account,1
Pay Rs 4536 to activate your internship account,1
Limited slots. Pay Rs 3585 immediately to secure position,1
Submit a training deposit of Rs 4437 before joining,1
Verification fee of Rs 1977 required before interview,1
Registration fee of Rs 4276 required urgently,1
Registration fee of Rs 3649 required urgently,1
Pay a refundable onboarding fee of Rs 3616 to proceed,1
Verification fee of Rs 4624 required before interview,1
Verification fee of Rs 2498 required before interview,1
Submit a training deposit of Rs 4639 before joining,1
Verification fee of Rs 1780 required before interview,1
Pay a refundable onboarding fee of Rs 3868 to proceed,1
Pay a refundable onboarding fee of Rs 2114 to proceed,1
Registration fee of Rs 2839 required urgently,1
Training fee of Rs 3056 will be refunded after completion,1
Pay Rs 3142 to activate your internship account,1
Submit a training deposit of Rs 1696 before joining,1
Security deposit of Rs 576 needed to confirm internship,1
Limited slots. Pay Rs 4213 immediately to secure position,1
Pay Rs 3397 to activate your internship account,1
Processing fee of Rs 2112 required for HR verification,1
Submit a training deposit of Rs 504 before joining,1
Pay a refundable onboarding fee of Rs 1719 to proceed,1
Limited slots. Pay Rs 4277 immediately to secure position,1
Verification fee of Rs 3139 required before interview,1
Pay a refundable onboarding fee of Rs 4500 to proceed,1
Pay Rs 3924 to activate your internship account,1
Processing fee of Rs 4078 required for HR verification,1
Submit a training deposit of Rs 4232 before joining,1
Verification fee of Rs 4356 required before interview,1
Submit a training deposit of Rs 3052 before joining,1
Processing fee of Rs 1999 required for HR verification,1
Small refundable onboarding charge of Rs 2177 applies,1
Submit a training deposit of Rs 1777 before joining,1
Security deposit of Rs 2868 needed to confirm internship,1
Pay a refundable onboarding fee of Rs 2011 to proceed,1
Registration fee of Rs 3598 required urgently,1
Processing fee of Rs 880 required for HR verification,1
Small refundable onboarding charge of Rs 3592 applies,1
Limited slots. Pay Rs 2759 immediately to secure position,1
Training fee of Rs 3079 will be refunded after completion,1
Small refundable onboarding charge of Rs 3569 applies,1
Small refundable onboarding charge of Rs 2559 applies,1
Verification fee of Rs 4364 required before interview,1
Training fee of Rs 4233 will be refunded after completion,1
Training fee of Rs 4769 will be refunded after completion,1
Training fee of Rs 2260 will be refunded after completion,1
Training fee of Rs 3737 will be refunded after completion,1
Limited slots. Pay Rs 1961 immediately to secure position,1
Submit a training deposit of Rs 2354 before joining,1
Pay Rs 4103 to activate your internship account,1
Pay Rs 2488 to activate your internship account,1
Training fee of Rs 4914 will be refunded after completion,1
Submit a training deposit of Rs 1377 before joining,1
Submit a training deposit of Rs 528 before joining,1
Submit a training deposit of Rs 660 before joining,1
Verification fee of Rs 2972 required before interview,1
Verification fee of Rs 1045 required before interview,1
Limited slots. Pay Rs 4102 immediately to secure position,1
Pay Rs 3609 to activate your internship account,1
Pay Rs 1034 to activate your internship account,1
Limited slots. Pay Rs 1631 immediately to secure position,1
Registration fee of Rs 3083 required urgently,1
Registration fee of Rs 2798 required urgently,1
Registration fee of Rs 4959 required urgently,1
Limited slots. Pay Rs 2118 immediately to secure position,1
Pay Rs 3378 to activate your internship account,1
Limited slots. Pay Rs 867 immediately to secure position,1
Pay Rs 3962 to activate your internship account,1
Security deposit of Rs 2284 needed to confirm internship,1
Security deposit of Rs 3739 needed to confirm internship,1
Security deposit of Rs 2311 needed to confirm internship,1
Pay Rs 1115 to activate your internship account,1
Small refundable onboarding charge of Rs 4851 applies,1
Pay Rs 844 to activate your internship account,1
Verification fee of Rs 1428 required before interview,1
Verification fee of Rs 4636 required before interview,1
Submit a training deposit of Rs 2927 before joining,1
Training fee of Rs 693 will be refunded after completion,1
Submit a training deposit of Rs 4374 before joining,1
Submit a training deposit of Rs 681 before joining,1
Submit a training deposit of Rs 4460 before joining,1
Registration fee of Rs 4836 required urgently,1
Security deposit of Rs 2689 needed to confirm internship,1
Small refundable onboarding charge of Rs 3770 applies,1
Small refundable onboarding charge of Rs 2772 applies,1
Training fee of Rs 1211 will be refunded after completion,1
Security deposit of Rs 1691 needed to confirm internship,1
Registration fee of Rs 2402 required urgently,1
Pay Rs 4729 to activate your internship account,1
Small refundable onboarding charge of Rs 2027 applies,1
Registration fee of Rs 4403 required urgently,1
Registration fee of Rs 2319 required urgently,1
Limited slots. Pay Rs 2999 immediately to secure position,1
Security deposit of Rs 4967 needed to confirm internship,1
Training fee of Rs 2874 will be refunded after completion,1
Registration fee of Rs 1091 required urgently,1
Processing fee of Rs 3401 required for HR verification,1
Training fee of Rs 1385 will be refunded after completion,1
Security deposit of Rs 2335 needed to confirm internship,1
Pay Rs 3010 to activate your internship account,1
Training fee of Rs 1424 will be refunded after completion,1
Registration fee of Rs 1480 required urgently,1
Pay a refundable onboarding fee of Rs 2009 to proceed,1
Processing fee of Rs 2353 required for HR verification,1
Pay Rs 4040 to activate your internship account,1
Pay Rs 3006 to activate your internship account,1
Training fee of Rs 2423 will be refunded after completion,1
Limited slots. Pay Rs 1156 immediately to secure position,1
Verification fee of Rs 2483 required before interview,1
Pay a refundable onboarding fee of Rs 2516 to proceed,1
Registration fee of Rs 4044 required urgently,1
Verification fee of Rs 572 required before interview,1
Pay Rs 1373 to activate your internship account,1
Verification fee of Rs 1153 required before interview,1
Pay Rs 1591 to activate your internship account,1
Registration fee of Rs 4737 required urgently,1
Submit a training deposit of Rs 4735 before joining,1
Security deposit of Rs 930 needed to confirm internship,1
Training fee of Rs 2678 will be refunded after completion,1
Security deposit of Rs 912 needed to confirm internship,1
Pay Rs 3790 to activate your internship account,1
Verification fee of Rs 2089 required before interview,1
Pay a refundable onboarding fee of Rs 792 to proceed,1
Submit a training deposit of Rs 2949 before joining,1
Processing fee of Rs 1046 required for HR verification,1
Registration fee of Rs 1506 required urgently,1
Security deposit of Rs 523 needed to confirm internship,1
Verification fee of Rs 1469 required before interview,1
Registration fee of Rs 4518 required urgently,1
Registration fee of Rs 501 required urgently,1
Pay a refundable onboarding fee of Rs 4731 to proceed,1
Processing fee of Rs 1975 required for HR verification,1
Security deposit of Rs 1908 needed to confirm internship,1
Registration fee of Rs 1618 required urgently,1
Security deposit of Rs 3640 needed to confirm internship,1
Pay a refundable onboarding fee of Rs 1883 to proceed,1
Pay Rs 2489 to activate your internship account,1
Submit a training deposit of Rs 3260 before joining,1
Training fee of Rs 2851 will be refunded after completion,1
Limited slots. Pay Rs 3384 immediately to secure position,1
Limited slots. Pay Rs 4950 immediately to secure position,1
Security deposit of Rs 3284 needed to confirm internship,1
Processing fee of Rs 3627 required for HR verification,1
Limited slots. Pay Rs 1235 immediately to secure position,1
Verification fee of Rs 3165 required before interview,1
Submit a training deposit of Rs 4868 before joining,1
Limited slots. Pay Rs 881 immediately to secure position,1
Limited slots. Pay Rs 1754 immediately to secure position,1
Pay a refundable onboarding fee of Rs 3961 to proceed,1
Registration fee of Rs 3099 required urgently,1
Limited slots. Pay Rs 899 immediately to secure position,1
Processing fee of Rs 2181 required for HR verification,1
Pay a refundable onboarding fee of Rs 4908 to proceed,1
Training fee of Rs 3723 will be refunded after completion,1
Limited slots. Pay Rs 535 immediately to secure position,1
Limited slots. Pay Rs 4304 immediately to secure position,1
Pay Rs 4369 to activate your internship account,1
Training fee of Rs 847 will be refunded after completion,1
Limited slots. Pay Rs 4666 immediately to secure position,1
Security deposit of Rs 4895 needed to confirm internship,1
Verification fee of Rs 3983 required before interview,1
Processing fee of Rs 4735 required for HR verification,1
Limited slots. Pay Rs 1389 immediately to secure position,1
Verification fee of Rs 3481 required before interview,1
Limited slots. Pay Rs 2176 immediately to secure position,1
Processing fee of Rs 746 required for HR verification,1
Submit a training deposit of Rs 3652 before joining,1
Submit a training deposit of Rs 1292 before joining,1
Small refundable onboarding charge of Rs 3256 applies,1
Training fee of Rs 1335 will be refunded after completion,1
Registration fee of Rs 2565 required urgently,1
Submit a training deposit of Rs 2554 before joining,1
Limited slots. Pay Rs 1093 immediately to secure position,1
Limited slots. Pay Rs 1569 immediately to secure position,1
Processing fee of Rs 884 required for HR verification,1
Processing fee of Rs 1101 required for HR verification,1
Registration fee of Rs 2761 required urgently,1
Security deposit of Rs 3499 needed to confirm internship,1
Pay a refundable onboarding fee of Rs 3175 to proceed,1
Small refundable onboarding charge of Rs 4897 applies,1
Verification fee of Rs 4621 required before interview,1
Registration fee of Rs 1521 required urgently,1
Verification fee of Rs 1377 required before interview,1
Small refundable onboarding charge of Rs 2097 applies,1
Submit a training deposit of Rs 1182 before joining,1
Pay a refundable onboarding fee of Rs 3582 to proceed,1
Training fee of Rs 1780 will be refunded after completion,1
Pay Rs 829 to activate your internship account,1
Pay a refundable onboarding fee of Rs 533 to proceed,1
Submit a training deposit of Rs 2561 before joining,1
Security deposit of Rs 2480 needed to confirm internship,1
Training fee of Rs 821 will be refunded after completion,1
Registration fee of Rs 3048 required urgently,1
Small refundable onboarding charge of Rs 2494 applies,1
Training fee of Rs 4692 will be refunded after completion,1
Pay Rs 3142 to activate your internship account,1
Pay a refundable onboarding fee of Rs 866 to proceed,1
Processing fee of Rs 2869 required for HR verification,1
Pay a refundable onboarding fee of Rs 706 to proceed,1
Pay Rs 1725 to activate your internship account,1
Submit a training deposit of Rs 3073 before joining,1
Security deposit of Rs 3394 needed to confirm internship,1
Registration fee of Rs 3316 required urgently,1
Pay Rs 2232 to activate your internship account,1
Processing fee of Rs 916 required for HR verification,1
Limited slots. Pay Rs 3574 immediately to secure position,1
Pay a refundable onboarding fee of Rs 4729 to proceed,1
Pay a refundable onboarding fee of Rs 4400 to proceed,1
Limited slots. Pay Rs 669 immediately to secure position,1
Pay Rs 938 to activate your internship account,1
Registration fee of Rs 3877 required urgently,1
Security deposit of Rs 2449 needed to confirm internship,1
Verification fee of Rs 1859 required before interview,1
Training fee of Rs 4496 will be refunded after completion,1
Limited slots. Pay Rs 1849 immediately to secure position,1
Processing fee of Rs 3753 required for HR verification,1
Limited slots. Pay Rs 4448 immediately to secure position,1
Pay a refundable onboarding fee of Rs 2143 to proceed,1
Pay Rs 1641 to activate your internship account,1
Limited slots. Pay Rs 2921 immediately to secure position,1
Pay a refundable onboarding fee of Rs 2175 to proceed,1
Registration fee of Rs 2160 required urgently,1
Verification fee of Rs 2408 required before interview,1
Processing fee of Rs 2952 required for HR verification,1
Training fee of Rs 1696 will be refunded after completion,1
Submit a training deposit of Rs 1868 before joining,1
Registration fee of Rs 4283 required urgently,1
Small refundable onboarding charge of Rs 4820 applies,1
Pay Rs 2520 to activate your internship account,1
Pay Rs 1948 to activate your internship account,1
Verification fee of Rs 935 required before interview,1
Small refundable onboarding charge of Rs 752 applies,1
Pay a refundable onboarding fee of Rs 779 to proceed,1
Registration fee of Rs 3137 required urgently,1
Small refundable onboarding charge of Rs 896 applies,1
Verification fee of Rs 4678 required before interview,1
Training fee of Rs 1815 will be refunded after completion,1
Processing fee of Rs 680 required for HR verification,1
Registration fee of Rs 3011 required urgently,1
Small refundable onboarding charge of Rs 4014 applies,1
Limited slots. Pay Rs 501 immediately to secure position,1
Training fee of Rs 4035 will be refunded after completion,1
Processing fee of Rs 4915 required for HR verification,1
Training fee of Rs 4263 will be refunded after completion,1
Pay a refundable onboarding fee of Rs 2550 to proceed,1
Small refundable onboarding charge of Rs 4716 applies,1
Registration fee of Rs 534 required urgently,1
Small refundable onboarding charge of Rs 4372 applies,1
Verification fee of Rs 1512 required before interview,1
Small refundable onboarding charge of Rs 2782 applies,1
Submit a training deposit of Rs 3340 before joining,1
Security deposit of Rs 790 needed to confirm internship,1
Verification fee of Rs 816 required before interview,1
Registration fee of Rs 1298 required urgently,1
Security deposit of Rs 4019 needed to confirm internship,1
Limited slots. Pay Rs 4685 immediately to secure position,1
Processing fee of Rs 4233 required for HR verification,1
Submit a training deposit of Rs 4938 before joining,1
Registration fee of Rs 2703 required urgently,1
Verification fee of Rs 598 required before interview,1
Training fee of Rs 3599 will be refunded after completion,1
Security deposit of Rs 3645 needed to confirm internship,1
Submit a training deposit of Rs 1396 before joining,1
Submit a training deposit of Rs 3316 before joining,1
Submit a training deposit of Rs 4459 before joining,1
Verification fee of Rs 4117 required before interview,1
Small refundable onboarding charge of Rs 2380 applies,1
Security deposit of Rs 872 needed to confirm internship,1
Pay a refundable onboarding fee of Rs 4779 to proceed,1
Small refundable onboarding charge of Rs 2002 applies,1
Security deposit of Rs 2799 needed to confirm internship,1
Training fee of Rs 807 will be refunded after completion,1
Verification fee of Rs 1473 required before interview,1
Submit a training deposit of Rs 4696 before joining,1
Pay Rs 3326 to activate your internship account,1
Processing fee of Rs 5000 required for HR verification,1
Security deposit of Rs 1656 needed to confirm internship,1
Submit a training deposit of Rs 4779 before joining,1
Pay a refundable onboarding fee of Rs 4246 to proceed,1
Submit a training deposit of Rs 2047 before joining,1
Processing fee of Rs 2224 required for HR verification,1
Verification fee of Rs 1289 required before interview,1
Processing fee of Rs 2677 required for HR verification,1
Security deposit of Rs 1606 needed to confirm internship,1
Pay a refundable onboarding fee of Rs 4907 to proceed,1
Verification fee of Rs 1496 required before interview,1
Security deposit of Rs 2744 needed to confirm internship,1
Limited slots. Pay Rs 4487 immediately to secure position,1
Small refundable onboarding charge of Rs 4722 applies,1
Pay Rs 1334 to activate your internship account,1
Verification fee of Rs 4645 required before interview,1
Submit a training deposit of Rs 4197 before joining,1
Security deposit of Rs 681 needed to confirm internship,1
Submit a training deposit of Rs 3212 before joining,1
Selection is based on interviews and assessments,0
Interview details are shared via official email,0
Please attend the interview via official link,0
Kindly visit our official website for more details,0
Offer letter will be given after interview rounds,0
Interview details are shared via official email,0
Selection is based on interviews and assessments,0
You are invited for an interview process next week,0
This is a paid internship with no registration fee,0
No payment is required at any stage of recruitment,0
No payment is required at any stage of recruitment,0
We do not charge any fees from candidates,0
Kindly visit our official website for more details,0
We do not charge any fees from candidates,0
Interview details are shared via official email,0
Shortlisted candidates will undergo multiple interview rounds,0
Kindly visit our official website for more details,0
You are invited for an interview process next week,0
We do not charge any fees from candidates,0
You are invited for an interview process next week,0
Interview details are shared via official email,0
We do not charge any fees from candidates,0
No payment is required at any stage of recruitment,0
Kindly visit our official website for more details,0
This is a paid internship with no registration fee,0
We do not charge any fees from candidates,0
Shortlisted candidates will undergo multiple interview rounds,0
Shortlisted candidates will undergo multiple interview rounds,0
Please attend the interview via official link,0
This is a paid internship with no registration fee,0
Shortlisted candidates will undergo multiple interview rounds,0
This is a paid internship with no registration fee,0
Interview details are shared via official email,0
No payment is required at any stage of recruitment,0
We do not charge any fees from candidates,0
Shortlisted candidates will undergo multiple interview rounds,0
This is a paid internship with no registration fee,0
Offer letter will be given after interview rounds,0
Kindly visit our official website for more details,0
Selection is based on interviews and assessments,0
Shortlisted candidates will undergo multiple interview rounds,0
You are invited for an interview process next week,0
Offer letter will be given after interview rounds,0
Please attend the interview via official link,0
No payment is required at any stage of recruitment,0
Selection is based on interviews and assessments,0
This is a paid internship with no registration fee,0
You are invited for an interview process next week,0
Interview details are shared via official email,0
We do not charge any fees from candidates,0
Selection is based on interviews and assessments,0
This is a paid internship with no registration fee,0
Selection is based on interviews and assessments,0
This is a paid internship with no registration fee,0
We do not charge any fees from candidates,0
Kindly visit our official website for more details,0
We do not charge any fees from candidates,0
You are invited for an interview process next week,0
We do not charge any fees from candidates,0
Please attend the interview via official link,0
Offer letter will be given after interview rounds,0
Shortlisted candidates will undergo multiple interview rounds,0
Please attend the interview via official link,0
You are invited for an interview process next week,0
Selection is based on interviews and assessments,0
Offer letter will be given after interview rounds,0
Offer letter will be given after interview rounds,0
Selection is based on interviews and assessments,0
Kindly visit our official website for more details,0
Kindly visit our official website for more details,0
Shortlisted candidates will undergo multiple interview rounds,0
No payment is required at any stage of recruitment,0
Selection is based on interviews and assessments,0
Interview details are shared via official email,0
Interview details are shared via official email,0
Selection is based on interviews and assessments,0
Shortlisted candidates will undergo multiple interview rounds,0
We do not charge any fees from candidates,0
Offer letter will be given after interview rounds,0
Please attend the interview via official link,0
No payment is required at any stage of recruitment,0
No payment is required at any stage of recruitment,0
You are invited for an interview process next week,0
Please attend the interview via official link,0
No payment is required at any stage of recruitment,0
No payment is required at any stage of recruitment,0
This is a paid internship with no registration fee,0
This is a paid internship with no registration fee,0
Selection is based on interviews and assessments,0
Selection is based on interviews and assessments,0
Kindly visit our official website for more details,0
Shortlisted candidates will undergo multiple interview rounds,0
Offer letter will be given after interview rounds,0
Selection is based on interviews and assessments,0
You are invited for an interview process next week,0
Shortlisted candidates will undergo multiple interview rounds,0
Shortlisted candidates will undergo multiple interview rounds,0
Kindly visit our official website for more details,0
Interview details are shared via official email,0
We do not charge any fees from candidates,0
You are invited for an interview process next week,0
Selection is based on interviews and assessments,0
Selection is based on interviews and assessments,0
You are invited for an interview process next week,0
Selection is based on interviews and assessments,0
Kindly visit our official website for more details,0
Kindly visit our official website for more details,0
Offer letter will be given after interview rounds,0
Shortlisted candidates will undergo multiple interview rounds,0
Kindly visit our official website for more details,0
Please attend the interview via official link,0
Please attend the interview via official link,0
Please attend the interview via official link,0
Shortlisted candidates will undergo multiple interview rounds,0
We do not charge any fees from candidates,0
Shortlisted candidates will undergo multiple interview rounds,0
Kindly visit our official website for more details,0
No payment is required at any stage of recruitment,0
Kindly visit our official website for more details,0
Selection is based on interviews and assessments,0
Interview details are shared via official email,0
Please attend the interview via official link,0
Kindly visit our official website for more details,0
You are invited for an interview process next week,0
Please attend the interview via official link,0
Kindly visit our official website for more details,0
You are invited for an interview process next week,0
Offer letter will be given after interview rounds,0
Please attend the interview via official link,0
Interview details are shared via official email,0
No payment is required at any stage of recruitment,0
Offer letter will be given after interview rounds,0
Interview details are shared via official email,0
Selection is based on interviews and assessments,0
You are invited for an interview process next week,0
Shortlisted candidates will undergo multiple interview rounds,0
Offer letter will be given after interview rounds,0
Interview details are shared via official email,0
Kindly visit our official website for more details,0
Kindly visit our official website for more details,0
Selection is based on interviews and assessments,0
We do not charge any fees from candidates,0
This is a paid internship with no registration fee,0
Kindly visit our official website for more details,0
Selection is based on interviews and assessments,0
No payment is required at any stage of recruitment,0
Kindly visit our official website for more details,0
This is a paid internship with no registration fee,0
Interview details are shared via official email,0
No payment is required at any stage of recruitment,0
Selection is based on interviews and assessments,0
This is a paid internship with no registration fee,0
Selection is based on interviews and assessments,0
Interview details are shared via official email,0
Offer letter will be given after interview rounds,0
Shortlisted candidates will undergo multiple interview rounds,0
You are invited for an interview process next week,0
You are invited for an interview process next week,0
This is a paid internship with no registration fee,0
Kindly visit our official website for more details,0
Please attend the interview via official link,0
We do not charge any fees from candidates,0
This is a paid internship with no registration fee,0
This is a paid internship with no registration fee,0
No payment is required at any stage of recruitment,0
You are invited for an interview process next week,0
Kindly visit our official website for more details,0
Kindly visit our official website for more details,0
Selection is based on interviews and assessments,0
This is a paid internship with no registration fee,0
Interview details are shared via official email,0
We do not charge any fees from candidates,0
This is a paid internship with no registration fee,0
Interview details are shared via official email,0
Selection is based on interviews and assessments,0
We do not charge any fees from candidates,0
Offer letter will be given after interview rounds,0
You are invited for an interview process next week,0
Please attend the interview via official link,0
This is a paid internship with no registration fee,0
Please attend the interview via official link,0
Interview details are shared via official email,0
Selection is based on interviews and assessments,0
Interview details are shared via official email,0
Interview details are shared via official email,0
This is a paid internship with no registration fee,0
Kindly visit our official website for more details,0
Kindly visit our official website for more details,0
Kindly visit our official website for more details,0
Kindly visit our official website for more details,0
You are invited for an interview process next week,0
This is a paid internship with no registration fee,0
Offer letter will be given after interview rounds,0
Selection is based on interviews and assessments,0
Selection is based on interviews and assessments,0
We do not charge any fees from candidates,0
This is a paid internship with no registration fee,0
Selection is based on interviews and assessments,0
Please attend the interview via official link,0
No payment is required at any stage of recruitment,0
Selection is based on interviews and assessments,0
This is a paid internship with no registration fee,0
No payment is required at any stage of recruitment,0
Please attend the interview via official link,0
Offer letter will be given after interview rounds,0
This is a paid internship with no registration fee,0
Please attend the interview via official link,0
Offer letter will be given after interview rounds,0
Interview details are shared via official email,0
Please attend the interview via official link,0
We do not charge any fees from candidates,0
Shortlisted candidates will undergo multiple interview rounds,0
Interview details are shared via official email,0
Offer letter will be given after interview rounds,0
Interview details are shared via official email,0
Shortlisted candidates will undergo multiple interview rounds,0
Selection is based on interviews and assessments,0
We do not charge any fees from candidates,0
Interview details are shared via official email,0
Interview details are shared via official email,0
No payment is required at any stage of recruitment,0
Interview details are shared via official email,0
Shortlisted candidates will undergo multiple interview rounds,0
We do not charge any fees from candidates,0
No payment is required at any stage of recruitment,0
Please attend the interview via official link,0
Interview details are shared via official email,0
You are invited for an interview process next week,0
Offer letter will be given after interview rounds,0
Kindly visit our official website for more details,0
We do not charge any fees from candidates,0
This is a paid internship with no registration fee,0
No payment is required at any stage of recruitment,0
You are invited for an interview process next week,0
Kindly visit our official website for more details,0
Kindly visit our official website for more details,0
You are invited for an interview process next week,0
Please attend the interview via official link,0
We do not charge any fees from candidates,0
Offer letter will be given after interview rounds,0
We do not charge any fees from candidates,0
Selection is based on interviews and assessments,0
Shortlisted candidates will undergo multiple interview rounds,0
No payment is required at any stage of recruitment,0
Shortlisted candidates will undergo multiple interview rounds,0
This is a paid internship with no registration fee,0
You are invited for an interview process next week,0
Offer letter will be given after interview rounds,0
We do not charge any fees from candidates,0
You are invited for an interview process next week,0
You are invited for an interview process next week,0
Shortlisted candidates will undergo multiple interview rounds,0
Offer letter will be given after interview rounds,0
Kindly visit our official website for more details,0
This is a paid internship with no registration fee,0
You are invited for an interview process next week,0
Interview details are shared via official email,0
Please attend the interview via official link,0
Please attend the interview via official link,0
Interview details are shared via official email,0
Kindly visit our official website for more details,0
This is a paid internship with no registration fee,0
This is a paid internship with no registration fee,0
We do not charge any fees from candidates,0
Selection is based on interviews and assessments,0
Interview details are shared via official email,0
You are invited for an interview process next week,0
Interview details are shared via official email,0
We do not charge any fees from candidates,0
This is a paid internship with no registration fee,0
Shortlisted candidates will undergo multiple interview rounds,0
Interview details are shared via official email,0
Offer letter will be given after interview rounds,0
You are invited for an interview process next week,0
Kindly visit our official website for more details,0
You are invited for an interview process next week,0
Selection is based on interviews and assessments,0
Selection is based on interviews and assessments,0
No payment is required at any stage of recruitment,0
No payment is required at any stage of recruitment,0
Shortlisted candidates will undergo multiple interview rounds,0
Shortlisted candidates will undergo multiple interview rounds,0
Please attend the interview via official link,0
We do not charge any fees from candidates,0
Selection is based on interviews and assessments,0
Selection is based on interviews and assessments,0
Offer letter will be given after interview rounds,0
Kindly visit our official website for more details,0
Kindly visit our official website for more details,0
No payment is required at any stage of recruitment,0
No payment is required at any stage of recruitment,0
Offer letter will be given after interview rounds,0
Offer letter will be given after interview rounds,0
No payment is required at any stage of recruitment,0
Please attend the interview via official link,0
This is a paid internship with no registration fee,0
Kindly visit our official website for more details,0
Offer letter will be given after interview rounds,0
No payment is required at any stage of recruitment,0
Selection is based on interviews and assessments,0
Small refundable onboarding charge of Rs 3215 applies,1
Processing fee of Rs 4482 required for HR verification,1
Verification fee of Rs 1931 required before interview,1
Processing fee of Rs 1081 required for HR verification,1
Processing fee of Rs 2741 required for HR verification,1
Training fee of Rs 1927 will be refunded after completion,1
Registration fee of Rs 3674 required urgently,1
Pay Rs 2059 to activate your internship account,1
Pay Rs 3629 to activate your internship account,1
Registration fee of Rs 2251 required urgently,1
Pay a refundable onboarding fee of Rs 3819 to proceed,1
Training fee of Rs 4644 will be refunded after completion,1
Training fee of Rs 1300 will be refunded after completion,1
Training fee of Rs 4334 will be refunded after completion,1
Training fee of Rs 1951 will be refunded after completion,1
Pay Rs 4304 to activate your internship account,1
Submit a training deposit of Rs 2861 before joining,1
Small refundable onboarding charge of Rs 3419 applies,1
Training fee of Rs 801 will be refunded after completion,1
Pay Rs 1917 to activate your internship account,1
Training fee of Rs 2358 will be refunded after completion,1
Processing fee of Rs 4709 required for HR verification,1
Security deposit of Rs 3481 needed to confirm internship,1
Verification fee of Rs 753 required before interview,1
Training fee of Rs 4002 will be refunded after completion,1
Processing fee of Rs 1824 required for HR verification,1
Pay a refundable onboarding fee of Rs 2010 to proceed,1
Training fee of Rs 4714 will be refunded after completion,1
Small refundable onboarding charge of Rs 979 applies,1
Security deposit of Rs 1190 needed to confirm internship,1
Small refundable onboarding charge of Rs 3563 applies,1
Small refundable onboarding charge of Rs 2582 applies,1
Security deposit of Rs 3405 needed to confirm internship,1
Pay Rs 2600 to activate your internship account,1
Pay a refundable onboarding fee of Rs 4572 to proceed,1
Verification fee of Rs 1376 required before interview,1
Registration fee of Rs 532 required urgently,1
Limited slots. Pay Rs 3399 immediately to secure position,1
Verification fee of Rs 2435 required before interview,1
Limited slots. Pay Rs 3615 immediately to secure position,1
Verification fee of Rs 3235 required before interview,1
Pay Rs 2485 to activate your internship account,1
Pay a refundable onboarding fee of Rs 4774 to proceed,1
Registration fee of Rs 4603 required urgently,1
Submit a training deposit of Rs 2865 before joining,1
Verification fee of Rs 2269 required before interview,1
Limited slots. Pay Rs 2685 immediately to secure position,1
Submit a training deposit of Rs 4829 before joining,1
Security deposit of Rs 4720 needed to confirm internship,1
Registration fee of Rs 658 required urgently,1
Registration fee of Rs 3408 required urgently,1
Limited slots. Pay Rs 2666 immediately to secure position,1
Pay a refundable onboarding fee of Rs 1269 to proceed,1
Processing fee of Rs 4275 required for HR verification,1
Submit a training deposit of Rs 2800 before joining,1
Pay Rs 2493 to activate your internship account,1
Security deposit of Rs 1864 needed to confirm internship,1
Pay a refundable onboarding fee of Rs 726 to proceed,1
Submit a training deposit of Rs 4937 before joining,1
Training fee of Rs 3122 will be refunded after completion,1
Training fee of Rs 841 will be refunded after completion,1
Small refundable onboarding charge of Rs 3559 applies,1
Submit a training deposit of Rs 4570 before joining,1
Submit a training deposit of Rs 1266 before joining,1
Security deposit of Rs 1672 needed to confirm internship,1
Training fee of Rs 686 will be refunded after completion,1
Submit a training deposit of Rs 3724 before joining,1
Submit a training deposit of Rs 717 before joining,1
Training fee of Rs 4442 will be refunded after completion,1
Small refundable onboarding charge of Rs 1373 applies,1
Verification fee of Rs 3045 required before interview,1
Small refundable onboarding charge of Rs 2568 applies,1
Registration fee of Rs 2005 required urgently,1
Small refundable onboarding charge of Rs 4826 applies,1
Limited slots. Pay Rs 546 immediately to secure position,1
Security deposit of Rs 4339 needed to confirm internship,1
Pay Rs 1915 to activate your internship account,1
Verification fee of Rs 1980 required before interview,1
Processing fee of Rs 2696 required for HR verification,1
Verification fee of Rs 2704 required before interview,1
Submit a training deposit of Rs 838 before joining,1
Processing fee of Rs 4332 required for HR verification,1
Pay a refundable onboarding fee of Rs 2021 to proceed,1
Verification fee of Rs 4134 required before interview,1
Registration fee of Rs 1915 required urgently,1
Registration fee of Rs 3512 required urgently,1
Pay Rs 1039 to activate your internship account,1
Pay a refundable onboarding fee of Rs 796 to proceed,1
Pay a refundable onboarding fee of Rs 2708 to proceed,1
Pay Rs 1543 to activate your internship account,1
Pay Rs 1004 to activate your internship account,1
Training fee of Rs 1311 will be refunded after completion,1
Registration fee of Rs 3097 required urgently,1
Limited slots. Pay Rs 3451 immediately to secure position,1
Processing fee of Rs 3301 required for HR verification,1
Limited slots. Pay Rs 3488 immediately to secure position,1
Small refundable onboarding charge of Rs 4237 applies,1
Training fee of Rs 4207 will be refunded after completion,1
Small refundable onboarding charge of Rs 680 applies,1
Submit a training deposit of Rs 3271 before joining,1
Limited slots. Pay Rs 1994 immediately to secure position,1
Security deposit of Rs 4149 needed to confirm internship,1
Pay Rs 2110 to activate your internship account,1
Training fee of Rs 1999 will be refunded after completion,1
Small refundable onboarding charge of Rs 2408 applies,1
Pay Rs 3617 to activate your internship account,1
Verification fee of Rs 3596 required before interview,1
Limited slots. Pay Rs 3406 immediately to secure position,1
Submit a training deposit of Rs 2773 before joining,1
Limited slots. Pay Rs 1183 immediately to secure position,1
Limited slots. Pay Rs 1334 immediately to secure position,1
Verification fee of Rs 3977 required before interview,1
Verification fee of Rs 4934 required before interview,1
Pay Rs 2124 to activate your internship account,1
Security deposit of Rs 3171 needed to confirm internship,1
Pay Rs 2818 to activate your internship account,1
Verification fee of Rs 3198 required before interview,1
Pay a refundable onboarding fee of Rs 3805 to proceed,1
Pay a refundable onboarding fee of Rs 2533 to proceed,1
Training fee of Rs 3738 will be refunded after completion,1
Security deposit of Rs 1144 needed to confirm internship,1
Processing fee of Rs 1927 required for HR verification,1
Training fee of Rs 3994 will be refunded after completion,1
Verification fee of Rs 4181 required before interview,1
Pay a refundable onboarding fee of Rs 4106 to proceed,1
Registration fee of Rs 3576 required urgently,1
Training fee of Rs 967 will be refunded after completion,1
Limited slots. Pay Rs 4938 immediately to secure position,1
Verification fee of Rs 4564 required before interview,1
Submit a training deposit of Rs 2189 before joining,1
Small refundable onboarding charge of Rs 703 applies,1
Processing fee of Rs 3965 required for HR verification,1
Small refundable onboarding charge of Rs 2733 applies,1
Verification fee of Rs 2668 required before interview,1
Pay Rs 3746 to activate your internship account,1
Security deposit of Rs 3081 needed to confirm internship,1
Pay Rs 4200 to activate your internship account,1
Verification fee of Rs 2086 required before interview,1
Limited slots. Pay Rs 3998 immediately to secure position,1
Small refundable onboarding charge of Rs 2810 applies,1
Processing fee of Rs 1769 required for HR verification,1
Small refundable onboarding charge of Rs 3064 applies,1
Limited slots. Pay Rs 939 immediately to secure position,1
Training fee of Rs 1040 will be refunded after completion,1
Verification fee of Rs 2197 required before interview,1
Submit a training deposit of Rs 2543 before joining,1
Pay a refundable onboarding fee of Rs 1061 to proceed,1
Training fee of Rs 505 will be refunded after completion,1
Security deposit of Rs 3982 needed to confirm internship,1
Pay a refundable onboarding fee of Rs 1621 to proceed,1
Verification fee of Rs 4491 required before interview,1
Registration fee of Rs 2131 required urgently,1
Registration fee of Rs 2142 required urgently,1
Registration fee of Rs 4236 required urgently,1
Verification fee of Rs 3849 required before interview,1
Security deposit of Rs 2685 needed to confirm internship,1
Verification fee of Rs 4938 required before interview,1
Pay a refundable onboarding fee of Rs 3222 to proceed,1
Pay Rs 3020 to activate your internship account,1
Verification fee of Rs 3271 required before interview,1
Small refundable onboarding charge of Rs 586 applies,1
Training fee of Rs 4926 will be refunded after completion,1
Security deposit of Rs 1200 needed to confirm internship,1
Submit a training deposit of Rs 1830 before joining,1
Pay a refundable onboarding fee of Rs 3891 to proceed,1
Training fee of Rs 2336 will be refunded after completion,1
Registration fee of Rs 4830 required urgently,1
Submit a training deposit of Rs 3083 before joining,1
Small refundable onboarding charge of Rs 3976 applies,1
Registration fee of Rs 4348 required urgently,1
Pay a refundable onboarding fee of Rs 3430 to proceed,1
Pay a refundable onboarding fee of Rs 3902 to proceed,1
Submit a training deposit of Rs 933 before joining,1
Limited slots. Pay Rs 525 immediately to secure position,1
Pay Rs 624 to activate your internship account,1
Submit a training deposit of Rs 2408 before joining,1
Pay a refundable onboarding fee of Rs 1719 to proceed,1
Limited slots. Pay Rs 1022 immediately to secure position,1
Limited slots. Pay Rs 1991 immediately to secure position,1
Verification fee of Rs 4457 required before interview,1
Limited slots. Pay Rs 2692 immediately to secure position,1
Training fee of Rs 1907 will be refunded after completion,1
Pay a refundable onboarding fee of Rs 1970 to proceed,1
Security deposit of Rs 1820 needed to confirm internship,1
Pay Rs 3426 to activate your internship account,1
Verification fee of Rs 3517 required before interview,1
Processing fee of Rs 4318 required for HR verification,1
Pay Rs 3174 to activate your internship account,1
Processing fee of Rs 4400 required for HR verification,1
Small refundable onboarding charge of Rs 3877 applies,1
Pay a refundable onboarding fee of Rs 2228 to proceed,1
Small refundable onboarding charge of Rs 606 applies,1
Security deposit of Rs 3410 needed to confirm internship,1
Security deposit of Rs 2837 needed to confirm internship,1
Submit a training deposit of Rs 2447 before joining,1
Pay a refundable onboarding fee of Rs 2346 to proceed,1
Pay a refundable onboarding fee of Rs 4348 to proceed,1
Submit a training deposit of Rs 1845 before joining,1
Registration fee of Rs 4537 required urgently,1
Training fee of Rs 3518 will be refunded after completion,1
Security deposit of Rs 4518 needed to confirm internship,1
Pay Rs 4444 to activate your internship account,1
Limited slots. Pay Rs 4125 immediately to secure position,1
Registration fee of Rs 2011 required urgently,1
Training fee of Rs 601 will be refunded after completion,1
Security deposit of Rs 4299 needed to confirm internship,1
Security deposit of Rs 4297 needed to confirm internship,1
Registration fee of Rs 2717 required urgently,1
Submit a training deposit of Rs 520 before joining,1
Pay Rs 2187 to activate your internship account,1
Pay a refundable onboarding fee of Rs 3819 to proceed,1
Registration fee of Rs 3896 required urgently,1
Small refundable onboarding charge of Rs 2677 applies,1
Processing fee of Rs 1134 required for HR verification,1
Processing fee of Rs 4575 required for HR verification,1
Registration fee of Rs 4561 required urgently,1
Small refundable onboarding charge of Rs 3456 applies,1
Verification fee of Rs 2133 required before interview,1
Pay a refundable onboarding fee of Rs 4254 to proceed,1
Pay a refundable onboarding fee of Rs 4271 to proceed,1
Processing fee of Rs 1329 required for HR verification,1
Verification fee of Rs 4160 required before interview,1
Pay a refundable onboarding fee of Rs 2051 to proceed,1
Small refundable onboarding charge of Rs 4625 applies,1
Processing fee of Rs 922 required for HR verification,1
Small refundable onboarding charge of Rs 4665 applies,1
Submit a training deposit of Rs 910 before joining,1
Processing fee of Rs 1316 required for HR verification,1
Limited slots. Pay Rs 3380 immediately to secure position,1
Small refundable onboarding charge of Rs 3336 applies,1
Training fee of Rs 2786 will be refunded after completion,1
Verification fee of Rs 4223 required before interview,1
Pay Rs 2184 to activate your internship account,1
Registration fee of Rs 1673 required urgently,1
Limited slots. Pay Rs 1776 immediately to secure position,1
Processing fee of Rs 2215 required for HR verification,1
Pay a refundable onboarding fee of Rs 4779 to proceed,1
Training fee of Rs 2062 will be refunded after completion,1
Limited slots. Pay Rs 527 immediately to secure position,1
Registration fee of Rs 2525 required urgently,1
Training fee of Rs 4260 will be refunded after completion,1
Verification fee of Rs 626 required before interview,1
Pay a refundable onboarding fee of Rs 650 to proceed,1
Small refundable onboarding charge of Rs 805 applies,1
Pay Rs 3726 to activate your internship account,1
Security deposit of Rs 960 needed to confirm internship,1
Registration fee of Rs 4111 required urgently,1
Submit a training deposit of Rs 2182 before joining,1
Registration fee of Rs 2427 required urgently,1
Submit a training deposit of Rs 786 before joining,1
Small refundable onboarding charge of Rs 2903 applies,1
Verification fee of Rs 3949 required before interview,1
Verification fee of Rs 4993 required before interview,1
Verification fee of Rs 4645 required before interview,1
Pay Rs 1537 to activate your internship account,1
Small refundable onboarding charge of Rs 3316 applies,1
Security deposit of Rs 4089 needed to confirm internship,1
Processing fee of Rs 3742 required for HR verification,1
Security deposit of Rs 845 needed to confirm internship,1
Security deposit of Rs 2160 needed to confirm internship,1
Pay Rs 856 to activate your internship account,1
Processing fee of Rs 4694 required for HR verification,1
Small refundable onboarding charge of Rs 1565 applies,1
Registration fee of Rs 3038 required urgently,1
Pay Rs 1583 to activate your internship account,1
Security deposit of Rs 4158 needed to confirm internship,1
Small refundable onboarding charge of Rs 4293 applies,1
Small refundable onboarding charge of Rs 3659 applies,1
Registration fee of Rs 1340 required urgently,1
Submit a training deposit of Rs 3017 before joining,1
Pay Rs 2821 to activate your internship account,1
Processing fee of Rs 1772 required for HR verification,1
Limited slots. Pay Rs 4794 immediately to secure position,1
Registration fee of Rs 4538 required urgently,1
Limited slots. Pay Rs 1514 immediately to secure position,1
Submit a training deposit of Rs 1019 before joining,1
Processing fee of Rs 1411 required for HR verification,1
Verification fee of Rs 4066 required before interview,1
Limited slots. Pay Rs 3291 immediately to secure position,1
Verification fee of Rs 4422 required before interview,1
Security deposit of Rs 1895 needed to confirm internship,1
Verification fee of Rs 2827 required before interview,1
Small refundable onboarding charge of Rs 3465 applies,1
Verification fee of Rs 3201 required before interview,1
Pay Rs 3024 to activate your internship account,1
Limited slots. Pay Rs 1827 immediately to secure position,1
Pay Rs 3826 to activate your internship account,1
Submit a training deposit of Rs 2739 before joining,1
Verification fee of Rs 3125 required before interview,1
Processing fee of Rs 3207 required for HR verification,1
Registration fee of Rs 4316 required urgently,1
Processing fee of Rs 1568 required for HR verification,1
Small refundable onboarding charge of Rs 2922 applies,1
Registration fee of Rs 3390 required urgently,1
Submit a training deposit of Rs 1242 before joining,1
Training fee of Rs 3219 will be refunded after completion,1
Security deposit of Rs 4936 needed to confirm internship,1
Security deposit of Rs 1828 needed to confirm internship,1
Registration fee of Rs 762 required urgently,1
Limited slots. Pay Rs 562 immediately to secure position,1
Please attend the interview via official link,0
Interview details are shared via official email,0
You are invited for an interview process next week,0
No payment is required at any stage of recruitment,0
Kindly visit our official website for more details,0
Interview details are shared via official email,0
We do not charge any fees from candidates,0
Interview details are shared via official email,0
Interview details are shared via official email,0
Selection is based on interviews and assessments,0
This is a paid internship with no registration fee,0
Interview details are shared via official email,0
Selection is based on interviews and assessments,0
We do not charge any fees from candidates,0
Please attend the interview via official link,0
Shortlisted candidates will undergo multiple interview rounds,0
Shortlisted candidates will undergo multiple interview rounds,0
You are invited for an interview process next week,0
Shortlisted candidates will undergo multiple interview rounds,0
Kindly visit our official website for more details,0
You are invited for an interview process next week,0
No payment is required at any stage of recruitment,0
We do not charge any fees from candidates,0
Selection is based on interviews and assessments,0
Shortlisted candidates will undergo multiple interview rounds,0
Interview details are shared via official email,0
Interview details are shared via official email,0
Shortlisted candidates will undergo multiple interview rounds,0
This is a paid internship with no registration fee,0
We do not charge any fees from candidates,0
Kindly visit our official website for more details,0
We do not charge any fees from candidates,0
You are invited for an interview process next week,0
Offer letter will be given after interview rounds,0
We do not charge any fees from candidates,0
Offer letter will be given after interview rounds,0
You are invited for an interview process next week,0
Shortlisted candidates will undergo multiple interview rounds,0
Kindly visit our official website for more details,0
Please attend the interview via official link,0
Kindly visit our official website for more details,0
Shortlisted candidates will undergo multiple interview rounds,0
Shortlisted candidates will undergo multiple interview rounds,0
Kindly visit our official website for more details,0
No payment is required at any stage of recruitment,0
Kindly visit our official website for more details,0
Selection is based on interviews and assessments,0
Please attend the interview via official link,0
Shortlisted candidates will undergo multiple interview rounds,0
You are invited for an interview process next week,0
Interview details are shared via official email,0
Shortlisted candidates will undergo multiple interview rounds,0
You are invited for an interview process next week,0
Interview details are shared via official email,0
Shortlisted candidates will undergo multiple interview rounds,0
This is a paid internship with no registration fee,0
No payment is required at any stage of recruitment,0
Shortlisted candidates will undergo multiple interview rounds,0
Please attend the interview via official link,0
Please attend the interview via official link,0
This is a paid internship with no registration fee,0
Please attend the interview via official link,0
We do not charge any fees from candidates,0
We do not charge any fees from candidates,0
This is a paid internship with no registration fee,0
Selection is based on interviews and assessments,0
This is a paid internship with no registration fee,0
Please attend the interview via official link,0
You are invited for an interview process next week,0
You are invited for an interview process next week,0
Selection is based on interviews and assessments,0
Interview details are shared via official email,0
Shortlisted candidates will undergo multiple interview rounds,0
We do not charge any fees from candidates,0
You are invited for an interview process next week,0
You are invited for an interview process next week,0
We do not charge any fees from candidates,0
No payment is required at any stage of recruitment,0
Selection is based on interviews and assessments,0
You are invited for an interview process next week,0
This is a paid internship with no registration fee,0
Interview details are shared via official email,0
Selection is based on interviews and assessments,0
Kindly visit our official website for more details,0
Selection is based on interviews and assessments,0
Interview details are shared via official email,0
No payment is required at any stage of recruitment,0
This is a paid internship with no registration fee,0
Shortlisted candidates will undergo multiple interview rounds,0
We do not charge any fees from candidates,0
Please attend the interview via official link,0
Please attend the interview via official link,0
This is a paid internship with no registration fee,0
Please attend the interview via official link,0
Interview details are shared via official email,0
Shortlisted candidates will undergo multiple interview rounds,0
Kindly visit our official website for more details,0
Interview details are shared via official email,0
Kindly visit our official website for more details,0
Please attend the interview via official link,0
No payment is required at any stage of recruitment,0
This is a paid internship with no registration fee,0
Kindly visit our official website for more details,0
You are invited for an interview process next week,0
No payment is required at any stage of recruitment,0
No payment is required at any stage of recruitment,0
Offer letter will be given after interview rounds,0
Selection is based on interviews and assessments,0
Please attend the interview via official link,0
Selection is based on interviews and assessments,0
Kindly visit our official website for more details,0
This is a paid internship with no registration fee,0
Offer letter will be given after interview rounds,0
Kindly visit our official website for more details,0
Please attend the interview via official link,0
No payment is required at any stage of recruitment,0
Shortlisted candidates will undergo multiple interview rounds,0
You are invited for an interview process next week,0
We do not charge any fees from candidates,0
Interview details are shared via official email,0
This is a paid internship with no registration fee,0
Please attend the interview via official link,0
Selection is based on interviews and assessments,0
Offer letter will be given after interview rounds,0
Interview details are shared via official email,0
This is a paid internship with no registration fee,0
Shortlisted candidates will undergo multiple interview rounds,0
Selection is based on interviews and assessments,0
Please attend the interview via official link,0
Shortlisted candidates will undergo multiple interview rounds,0
Selection is based on interviews and assessments,0
No payment is required at any stage of recruitment,0
Offer letter will be given after interview rounds,0
Shortlisted candidates will undergo multiple interview rounds,0
Please attend the interview via official link,0
Please attend the interview via official link,0
Interview details are shared via official email,0
Selection is based on interviews and assessments,0
Please attend the interview via official link,0
Offer letter will be given after interview rounds,0
No payment is required at any stage of recruitment,0
We do not charge any fees from candidates,0
Selection is based on interviews and assessments,0
Selection is based on interviews and assessments,0
Selection is based on interviews and assessments,0
Kindly visit our official website for more details,0
This is a paid internship with no registration fee,0
Kindly visit our official website for more details,0
Shortlisted candidates will undergo multiple interview rounds,0
Kindly visit our official website for more details,0
Please attend the interview via official link,0
Offer letter will be given after interview rounds,0
Please attend the interview via official link,0
This is a paid internship with no registration fee,0
Selection is based on interviews and assessments,0
This is a paid internship with no registration fee,0
Please attend the interview via official link,0
Please attend the interview via official link,0
Offer letter will be given after interview rounds,0
No payment is required at any stage of recruitment,0
Interview details are shared via official email,0
Kindly visit our official website for more details,0
This is a paid internship with no registration fee,0
Offer letter will be given after interview rounds,0
Selection is based on interviews and assessments,0
Offer letter will be given after interview rounds,0
This is a paid internship with no registration fee,0
Interview details are shared via official email,0
You are invited for an interview process next week,0
This is a paid internship with no registration fee,0
We do not charge any fees from candidates,0
We do not charge any fees from candidates,0
We do not charge any fees from candidates,0
This is a paid internship with no registration fee,0
This is a paid internship with no registration fee,0
Kindly visit our official website for more details,0
This is a paid internship with no registration fee,0
This is a paid internship with no registration fee,0
You are invited for an interview process next week,0
Shortlisted candidates will undergo multiple interview rounds,0
This is a paid internship with no registration fee,0
This is a paid internship with no registration fee,0
Interview details are shared via official email,0
We do not charge any fees from candidates,0
Offer letter will be given after interview rounds,0
We do not charge any fees from candidates,0
Offer letter will be given after interview rounds,0
Please attend the interview via official link,0
Please attend the interview via official link,0
Interview details are shared via official email,0
Shortlisted candidates will undergo multiple interview rounds,0
Offer letter will be given after interview rounds,0
You are invited for an interview process next week,0
Interview details are shared via official email,0
We do not charge any fees from candidates,0
Interview details are shared via official email,0
Kindly visit our official website for more details,0
Selection is based on interviews and assessments,0
No payment is required at any stage of recruitment,0
Offer letter will be given after interview rounds,0
Offer letter will be given after interview rounds,0
Kindly visit our official website for more details,0
No payment is required at any stage of recruitment,0
This is a paid internship with no registration fee,0
This is a paid internship with no registration fee,0
Offer letter will be given after interview rounds,0
Kindly visit our official website for more details,0
We do not charge any fees from candidates,0
Interview details are shared via official email,0
This is a paid internship with no registration fee,0
This is a paid internship with no registration fee,0
No payment is required at any stage of recruitment,0
This is a paid internship with no registration fee,0
Offer letter will be given after interview rounds,0
Please attend the interview via official link,0
This is a paid internship with no registration fee,0
Shortlisted candidates will undergo multiple interview rounds,0
Kindly visit our official website for more details,0
We do not charge any fees from candidates,0
This is a paid internship with no registration fee,0
Shortlisted candidates will undergo multiple interview rounds,0
This is a paid internship with no registration fee,0
Selection is based on interviews and assessments,0
Shortlisted candidates will undergo multiple interview rounds,0
No payment is required at any stage of recruitment,0
You are invited for an interview process next week,0
Kindly visit our official website for more details,0
Kindly visit our official website for more details,0
Shortlisted candidates will undergo multiple interview rounds,0
Selection is based on interviews and assessments,0
We do not charge any fees from candidates,0
Offer letter will be given after interview rounds,0
No payment is required at any stage of recruitment,0
Shortlisted candidates will undergo multiple interview rounds,0
Offer letter will be given after interview rounds,0
Please attend the interview via official link,0
We do not charge any fees from candidates,0
Kindly visit our official website for more details,0
Interview details are shared via official email,0
This is a paid internship with no registration fee,0
Offer letter will be given after interview rounds,0
We do not charge any fees from candidates,0
We do not charge any fees from candidates,0
Interview details are shared via official email,0
Offer letter will be given after interview rounds,0
Please attend the interview via official link,0
Kindly visit our official website for more details,0
Offer letter will be given after interview rounds,0
You are invited for an interview process next week,0
We do not charge any fees from candidates,0
Please attend the interview via official link,0
Kindly visit our official website for more details,0
This is a paid internship with no registration fee,0
Kindly visit our official website for more details,0
Interview details are shared via official email,0
This is a paid internship with no registration fee,0
Offer letter will be given after interview rounds,0
Interview details are shared via official email,0
Offer letter will be given after interview rounds,0
Please attend the interview via official link,0
Interview details are shared via official email,0
We do not charge any fees from candidates,0
Interview details are shared via official email,0
Please attend the interview via official link,0
Kindly visit our official website for more details,0
This is a paid internship with no registration fee,0
Please attend the interview via official link,0
This is a paid internship with no registration fee,0
Offer letter will be given after interview rounds,0
Interview details are shared via official email,0
Interview details are shared via official email,0
We do not charge any fees from candidates,0
You are invited for an interview process next week,0
No payment is required at any stage of recruitment,0
We do not charge any fees from candidates,0
This is a paid internship with no registration fee,0
Shortlisted candidates will undergo multiple interview rounds,0
Selection is based on interviews and assessments,0
No payment is required at any stage of recruitment,0
This is a paid internship with no registration fee,0
Shortlisted candidates will undergo multiple interview rounds,0
This is a paid internship with no registration fee,0
Shortlisted candidates will undergo multiple interview rounds,0
Selection is based on interviews and assessments,0
Please attend the interview via official link,0
Interview details are shared via official email,0
You are invited for an interview process next week,0
Please attend the interview via official link,0
Kindly visit our official website for more details,0
We do not charge any fees from candidates,0
Interview details are shared via official email,0
No payment is required at any stage of recruitment,0
Offer letter will be given after interview rounds,0
No payment is required at any stage of recruitment,0
You are invited for an interview process next week,0
You are invited for an interview process next week,0
Selection is based on interviews and assessments,0
No payment is required at any stage of recruitment,0
Kindly visit our official website for more details,0
You are invited for an interview process next week,0
